rank,title,author,format,price_gbp,rating,review_count,product_url,image_url,description
1,"Gruffalo Granny: The brand new Gruffalo picture book adventure (The Gruffalo, 3)",Julia Donaldson,Hardcover,7.49,,,https://www.amazon.co.uk/Gruffalo-Granny-brand-picture-adventure/dp/1035065517/ref=zg%5Fbsnr%5Fg%5F69%5Fd%5Fsccl%5F1/520-1867737-7436627?psc=1,"https://images-eu.ssl-images-amazon.com/images/I/91WqizdsBbL._AC_UL300_SR300,200_.jpg","Gruffalo Granny: The brand new Gruffalo picture book adventure (The Gruffalo, 3) : Donaldson, Julia, Scheffler, Axel: Amazon.co.uk: Books"
2,Harry Potter and the Half-Blood Prince: Illustrated Edition,J.K. Rowling,Hardcover,20.00,,,https://www.amazon.co.uk/Harry-Potter-Half-Blood-Prince-Rowling/dp/1408845695/ref=zg%5Fbsnr%5Fg%5F69%5Fd%5Fsccl%5F2/520-1867737-7436627?psc=1,"https://images-eu.ssl-images-amazon.com/images/I/81sHEwIC3sL._AC_UL300_SR300,200_.jpg","Harry Potter and the Half-Blood Prince: Illustrated Edition : Rowling, J.K., Pinfold, Levi: Amazon.co.uk: Books"
3,Lottie Brooks’s Twelve Disasters of Christmas: Twelve festive short stories from the mega-bestselling author of the Lottie Br,Katie Kirby,Hardcover,7.49,,,https://www.amazon.co.uk/Lottie-Brookss-Twelve-Disasters-Christmas/dp/0241769418/ref=zg%5Fbsnr%5Fg%5F69%5Fd%5Fsccl%5F3/520-1867737-7436627?psc=1,"https://images-eu.ssl-images-amazon.com/images/I/81Rul5ixgBL._AC_UL300_SR300,200_.jpg","Lottie Brooks’s Twelve Disasters of Christmas: Twelve festive short stories from the mega-bestselling author of the Lottie Brooks series : Kirby, Katie: Amazon.co.uk: Books"
4,"Dog Man 15: A Sprinkle in Time (the latest laugh-out-loud, full-colour graphic novel in the Number One, multi-million-copy-se",Dav Pilkey,Hardcover,7.49,,,https://www.amazon.co.uk/Dog-Man-laugh-out-loud-full-colour-multi-million-copy-selling/dp/0702349305/ref=zg%5Fbsnr%5Fg%5F69%5Fd%5Fsccl%5F4/520-1867737-7436627?psc=1,"https://images-eu.ssl-images-amazon.com/images/I/71b8eAd0W4L._AC_UL300_SR300,200_.jpg","Buy Dog Man 15: A Sprinkle in Time (the latest laugh-out-loud, full-colour graphic novel in the Number One, multi-million-copy-selling series!) (Dog Man (englisch), 15) 1 by Pilkey, Dav, Pilkey, Dav (ISBN: 9780702349300) from Amazon's Book Store. Everyday low prices and free deli…"
5,"Ominous Skies: (The Path of Dragons, Book 8)",Pedro Urvi,Kindle Edition,4.99,4.4,58,https://www.amazon.co.uk/Ominous-Skies-Path-Dragons-Book-ebook/dp/B0GTS8R6YH/ref=zg%5Fbsnr%5Fg%5F69%5Fd%5Fsccl%5F5/520-1867737-7436627?psc=1,"https://images-eu.ssl-images-amazon.com/images/I/81Hif7R0JWL._UX300__PJku-sticker-v8,TopRight,0,-50_AC_UL300_SR300,200_.jpg","Ominous Skies: (The Path of Dragons, Book 8) eBook : Urvi, Pedro: Amazon.co.uk: Kindle Store"
6,"Warriors Graphic Novel: The New Prophecy, Part One of Three: A Full-Color Graphic Novel Adaptation of the Warriors Cats Serie",Erin Hunter,Paperback,8.99,4.5,154,https://www.amazon.co.uk/Warriors-Graphic-Novel-Prophecy-Adventure/dp/0063450887/ref=zg%5Fbsnr%5Fg%5F69%5Fd%5Fsccl%5F6/520-1867737-7436627?psc=1,"https://images-eu.ssl-images-amazon.com/images/I/81cCTxOAgjL._AC_UL300_SR300,200_.jpg","Warriors Graphic Novel: The New Prophecy, Part One of Three: A Full-Color Graphic Novel Adaptation of the Warriors Cats Series : Hunter, Erin, Twist, Gibson, Savos, Sammy: Amazon.co.uk: Books"
7,"SOS: The bestselling, hilarious series for tweens, from award-winning author and comedy writer: Volume 3 (Cringe Club)",Emily-Jane Clark,Paperback,7.59,,,https://www.amazon.co.uk/SOS-bestselling-hilarious-tweens-award-winning/dp/139854535X/ref=zg%5Fbsnr%5Fg%5F69%5Fd%5Fsccl%5F7/520-1867737-7436627?psc=1,"https://images-eu.ssl-images-amazon.com/images/I/81zx3NML9hL._AC_UL300_SR300,200_.jpg","SOS: The bestselling, hilarious series for tweens, from award-winning author and comedy writer: Volume 3 (Cringe Club) : Clark, Emily-Jane: Amazon.co.uk: Books"
8,Diary of a Wimpy Kid: Fight or Flight (Book 21): THE NEXT HILARIOUS BOOK IN THE BESTSELLING SERIES,Jeff Kinney,Hardcover,7.49,,,https://www.amazon.co.uk/Diary-Wimpy-Kid-HILARIOUS-BESTSELLING/dp/0241745217/ref=zg%5Fbsnr%5Fg%5F69%5Fd%5Fsccl%5F8/520-1867737-7436627?psc=1,"https://images-eu.ssl-images-amazon.com/images/I/81qLukIMvDL._AC_UL300_SR300,200_.jpg","Diary of a Wimpy Kid: Fight or Flight (Book 21): THE NEXT HILARIOUS BOOK IN THE BESTSELLING SERIES : Kinney, Jeff, Kinney, Jeff: Amazon.co.uk: Books"
9,"Pokécology: An Illustrated Guide to Pokémon Ecology: A groundbreaking, BRAND NEW OFFICIAL, full-colour illustrated guide to P",Pokémon,Paperback,14.99,,,https://www.amazon.co.uk/Pok%C3%A9cology-Illustrated-groundbreaking-full-colour-illustrated/dp/0008833540/ref=zg%5Fbsnr%5Fg%5F69%5Fd%5Fsccl%5F9/520-1867737-7436627?psc=1,"https://images-eu.ssl-images-amazon.com/images/I/91OSqtjfWuL._AC_UL300_SR300,200_.jpg","Pokécology: An Illustrated Guide to Pokémon Ecology: A groundbreaking, BRAND NEW OFFICIAL, full-colour illustrated guide to Pokémon. Perfect for fans of all ages. : Pokémon: Amazon.co.uk: Books"
10,"Bunny vs Monkey: Day of the Heroes! (a Phoenix Comic book, from the multi-million-selling creative genius Jamie Smart)",Jamie Smart,Hardcover,11.89,,,https://www.amazon.co.uk/Bunny-Monkey-Phoenix-multi-million-selling-creative/dp/1788453913/ref=zg%5Fbsnr%5Fg%5F69%5Fd%5Fsccl%5F10/520-1867737-7436627?psc=1,"https://images-eu.ssl-images-amazon.com/images/I/81GKyaxF1fL._AC_UL300_SR300,200_.jpg","Bunny vs Monkey: Day of the Heroes! (a Phoenix Comic book, from the multi-million-selling creative genius Jamie Smart) : Smart, Jamie: Amazon.co.uk: Books"
11,"ADHD: Levelled Up! - By TikTok sensation and Sunday Times Bestselling Author Jamie 'Mr G' Gilbert - Packed with Raps, Tips, A",Jamie 'Mr G' Gilbert,Paperback,6.64,,,https://www.amazon.co.uk/ADHD-sensation-Bestselling-Activities-illustrations/dp/1836893868/ref=zg%5Fbsnr%5Fg%5F69%5Fd%5Fsccl%5F11/520-1867737-7436627?psc=1,"https://images-eu.ssl-images-amazon.com/images/I/81-Zm+E+8PL._AC_UL300_SR300,200_.jpg","Buy ADHD: Levelled Up! - By TikTok sensation and Sunday Times Bestselling Author Jamie 'Mr G' Gilbert - Packed with Raps, Tips, Activities, and Cool illustrations for Kids (ADHD - 3 Book Series) by Gilbert, Jamie 'Mr G' (ISBN: 9781836893868) from Amazon's Book Store. Everyday low…"
12,Donut Squad: Destiny of the Donuts (a Phoenix Comic Book): the latest addition to this bestselling series!,Neill Cameron,Paperback,9.99,,,https://www.amazon.co.uk/Donut-Squad-Destiny-addition-bestselling/dp/1788453905/ref=zg%5Fbsnr%5Fg%5F69%5Fd%5Fsccl%5F12/520-1867737-7436627?psc=1,"https://images-eu.ssl-images-amazon.com/images/I/91CsH1umLQL._AC_UL300_SR300,200_.jpg","Buy Donut Squad: Destiny of the Donuts (a Phoenix Comic Book): the latest addition to this bestselling series! by Cameron, Neill (ISBN: 9781788453905) from Amazon's Book Store. Everyday low prices and free delivery on eligible orders."
13,Never Underestimate a Dragonling (Dragonlings of Valdier Book 11),S.E. Smith,Kindle Edition,2.99,4.5,31,https://www.amazon.co.uk/Never-Underestimate-Dragonling-Dragonlings-Valdier-ebook/dp/B0H6GYTQJR/ref=zg%5Fbsnr%5Fg%5F69%5Fd%5Fsccl%5F13/520-1867737-7436627?psc=1,"https://images-eu.ssl-images-amazon.com/images/I/91IdUjjpg0L._AC_UL300_SR300,200_.jpg","Never Underestimate a Dragonling (Dragonlings of Valdier Book 11) eBook : Smith, S.E.: Amazon.co.uk: Kindle Store"
14,The Neverfear: Discover the epic adventure series loved by readers around the world (Impossible Creatures),Katherine Rundell,Hardcover,16.14,,,https://www.amazon.co.uk/Neverfear-Discover-adventure-Impossible-Creatures/dp/1408897512/ref=zg%5Fbsnr%5Fg%5F69%5Fd%5Fsccl%5F14/520-1867737-7436627?psc=1,"https://images-eu.ssl-images-amazon.com/images/I/81Y0IrNoGPL._AC_UL300_SR300,200_.jpg","The Neverfear: Discover the epic adventure series loved by readers around the world (Impossible Creatures) : Rundell, Katherine: Amazon.co.uk: Books"
15,Pricklepaper's Letter Magic,Tom Read Wilson,Paperback,7.59,,,https://www.amazon.co.uk/Pricklepapers-Letter-Magic-Read-Wilson/dp/1836009720/ref=zg%5Fbsnr%5Fg%5F69%5Fd%5Fsccl%5F15/520-1867737-7436627?psc=1,"https://images-eu.ssl-images-amazon.com/images/I/81r2j9PF4iL._AC_UL300_SR300,200_.jpg","Buy Pricklepaper's Letter Magic by Read Wilson, Tom, Bagley, Rebecca (ISBN: 9781836009726) from Amazon's Book Store. Everyday low prices and free delivery on eligible orders."
16,"Bunny vs Monkey: Day of the Heroes! (a Phoenix Comic book, from the multi-million-selling creative genius Jamie Smart)",Jamie Smart,Hardcover,11.89,,,https://www.amazon.co.uk/Bunny-Monkey-Phoenix-multi-million-selling-creative/dp/1788453913/ref=zg%5Fbsnr%5Fg%5F69%5Fd%5Fsccl%5F16/520-1867737-7436627?psc=1,"https://images-eu.ssl-images-amazon.com/images/I/81GKyaxF1fL._AC_UL300_SR300,200_.jpg","Bunny vs Monkey: Day of the Heroes! (a Phoenix Comic book, from the multi-million-selling creative genius Jamie Smart) : Smart, Jamie: Amazon.co.uk: Books"
17,Ten Minutes to Bed: Little Bear,Rhiannon Fielding,Paperback,5.99,,,https://www.amazon.co.uk/Ten-Minutes-Bed-Little-Bear/dp/0241620473/ref=zg%5Fbsnr%5Fg%5F69%5Fd%5Fsccl%5F17/520-1867737-7436627?psc=1,"https://images-eu.ssl-images-amazon.com/images/I/81g02l5emuL._AC_UL300_SR300,200_.jpg","Ten Minutes to Bed: Little Bear : Fielding, Rhiannon, Chatterton, Chris: Amazon.co.uk: Books"
18,The Big Book of Meme Comics 10: Summer Scouts (Collection of Funny Comics),Meme Master,Kindle Edition,3.01,4.6,62,https://www.amazon.co.uk/Big-Book-Meme-Comics-Collection-ebook/dp/B0H124M2TQ/ref=zg%5Fbsnr%5Fg%5F69%5Fd%5Fsccl%5F18/520-1867737-7436627?psc=1,"https://images-eu.ssl-images-amazon.com/images/I/812aFgpcPXL._UX300__PJku-sticker-v8,TopRight,0,-50_AC_UL300_SR300,200_.jpg","The Big Book of Meme Comics 10: Summer Scouts (Collection of Funny Comics) eBook : Master, Meme: Amazon.co.uk: Books"
19,"Dark Times: (The Path of Dragons, Book 9)",Pedro Uvi,Kindle Edition,4.99,,,https://www.amazon.co.uk/Dark-Times-Path-Dragons-Book-ebook/dp/B0H6K7C9FS/ref=zg%5Fbsnr%5Fg%5F69%5Fd%5Fsccl%5F19/520-1867737-7436627?psc=1,"https://images-eu.ssl-images-amazon.com/images/I/81oEoMaK-ML._AC_UL300_SR300,200_.jpg","Dark Times: (The Path of Dragons, Book 9) eBook : Uvi, Pedro: Amazon.co.uk: Kindle Store"
20,Pokémon Deluxe Character Guide: The 100% Official ultimate character guide to every Pokémon ever discovered. For Pokémon fans,Pokémon,Hardcover,47.50,,,https://www.amazon.co.uk/Untitled-Guide-1-Author/dp/0008680108/ref=zg%5Fbsnr%5Fg%5F69%5Fd%5Fsccl%5F20/520-1867737-7436627?psc=1,"https://images-eu.ssl-images-amazon.com/images/I/715fImJuJ2L._AC_UL300_SR300,200_.jpg",Pokémon Deluxe Character Guide: The 100% Official ultimate character guide to every Pokémon ever discovered. For Pokémon fans of all ages. : Pokémon: Amazon.co.uk: Books
21,The Most Magnificent Moose: From The World of Rachel Bright & Jim Field,Rachel Bright,Paperback,7.99,,,https://www.amazon.co.uk/Most-Magnificent-Moose-Rachel-Bright/dp/1408366479/ref=zg%5Fbsnr%5Fg%5F69%5Fd%5Fsccl%5F21/520-1867737-7436627?psc=1,"https://images-eu.ssl-images-amazon.com/images/I/81fmskENUzL._AC_UL300_SR300,200_.jpg","Buy The Most Magnificent Moose: From The World of Rachel Bright & Jim Field by Bright, Rachel, Field, Jim (ISBN: 9781408366479) from Amazon's Book Store. Everyday low prices and free delivery on eligible orders."
22,Unicornia: A Snowy Surprise: The bestselling illustrated magical unicorn series for ages 5–8,Ana Punset,Paperback,7.99,,,https://www.amazon.co.uk/Unicornia-Surprise-bestselling-illustrated-magical/dp/1529531411/ref=zg%5Fbsnr%5Fg%5F69%5Fd%5Fsccl%5F22/520-1867737-7436627?psc=1,"https://images-eu.ssl-images-amazon.com/images/I/81m+9+QjhJL._AC_UL300_SR300,200_.jpg","Unicornia: A Snowy Surprise: The bestselling illustrated magical unicorn series for ages 5–8 : Punset, Ana, Vicedo, Diana: Amazon.co.uk: Books"
23,"Warriors Graphic Novel: The New Prophecy, Part Two of Three",Erin Hunter,Paperback,11.99,,,https://www.amazon.co.uk/Warriors-Graphic-Novel-Prophecy-Three/dp/0063450925/ref=zg%5Fbsnr%5Fg%5F69%5Fd%5Fsccl%5F23/520-1867737-7436627?psc=1,"https://images-eu.ssl-images-amazon.com/images/I/71+uX-oDwuL._AC_UL300_SR300,200_.jpg","Warriors Graphic Novel: The New Prophecy, Part Two of Three : Hunter, Erin, Twist, Gibson, Savos, Sammy: Amazon.co.uk: Books"
24,"The World of Bunny vs Monkey (a Phoenix Comic book, from the multi-million-selling creative genius Jamie Smart)",Jamie Smart,Hardcover,16.99,,,https://www.amazon.co.uk/Monkey-Phoenix-multi-million-selling-creative-genius/dp/1788453670/ref=zg%5Fbsnr%5Fg%5F69%5Fd%5Fsccl%5F24/520-1867737-7436627?psc=1,"https://images-eu.ssl-images-amazon.com/images/I/91Tap0AD5ML._AC_UL300_SR300,200_.jpg","The World of Bunny vs Monkey (a Phoenix Comic book, from the multi-million-selling creative genius Jamie Smart) : Smart, Jamie: Amazon.co.uk: Books"
25,Oor Wullie's ABCs in Scots - a joyful introduction to Scots language,Kate McAuliffe,Paperback,8.99,,,https://www.amazon.co.uk/Oor-Wullies-ABCs-Scots-introduction/dp/1917436815/ref=zg%5Fbsnr%5Fg%5F69%5Fd%5Fsccl%5F25/520-1867737-7436627?psc=1,"https://images-eu.ssl-images-amazon.com/images/I/911zAtLTssL._AC_UL300_SR300,200_.jpg","Buy Oor Wullie's ABCs in Scots - a joyful introduction to Scots language by Kate McAuliffe, Mike Donaldson (ISBN: 9781917436816) from Amazon's Book Store. Everyday low prices and free delivery on eligible orders."
26,Chicken Hill: Frozen Squirrel Rescue Mission: Three hilarious short stories in one brilliantly weird graphic novel,Beccy Blake,Paperback,8.99,5.0,2,https://www.amazon.co.uk/Chicken-Hill-Squirrel-hilarious-brilliantly/dp/1526680793/ref=zg%5Fbsnr%5Fg%5F69%5Fd%5Fsccl%5F26/520-1867737-7436627?psc=1,"https://images-eu.ssl-images-amazon.com/images/I/91r9VLRzXLL._AC_UL300_SR300,200_.jpg","Chicken Hill: Frozen Squirrel Rescue Mission: Three hilarious short stories in one brilliantly weird graphic novel : Blake, Beccy: Amazon.co.uk: Books"
27,"Pokémon Adventures: Red and Blue, Deluxe Edition, Vol. 1: Volume 1",Hidenori Kusaka,Hardcover,18.55,4.6,579,https://www.amazon.co.uk/Pok%C3%A9mon-Adventures-Blue-Deluxe-Vol/dp/1974769380/ref=zg%5Fbsnr%5Fg%5F69%5Fd%5Fsccl%5F27/520-1867737-7436627?psc=1,"https://images-eu.ssl-images-amazon.com/images/I/81ybEiIUDNL._AC_UL300_SR300,200_.jpg","Pokémon Adventures: Red and Blue, Deluxe Edition, Vol. 1: Volume 1 : Kusaka, Hidenori, Mato: Amazon.co.uk: Books"
28,"Rowley Jefferson’s Awesome Friendly Spooky Stories 2: A BRAND NEW HILARIOUS WIMPY KID STORY (The Awesome Friendly Kid Series,",Jeff Kinney,Hardcover,14.24,,,https://www.amazon.co.uk/Rowley-Jeffersons-Awesome-Friendly-Stories/dp/0241820863/ref=zg%5Fbsnr%5Fg%5F69%5Fd%5Fsccl%5F28/520-1867737-7436627?psc=1,"https://images-eu.ssl-images-amazon.com/images/I/81r9stdQUaL._AC_UL300_SR300,200_.jpg","Rowley Jefferson’s Awesome Friendly Spooky Stories 2: A BRAND NEW HILARIOUS WIMPY KID STORY (The Awesome Friendly Kid Series, 4) : Kinney, Jeff: Amazon.co.uk: Books"
29,The Big Book of Weird Laws 8: China Confusion,Meme Master,Kindle Edition,3.03,5.0,3,https://www.amazon.co.uk/Big-Book-Weird-Laws-Confusion-ebook/dp/B0H6NLNCQ2/ref=zg%5Fbsnr%5Fg%5F69%5Fd%5Fsccl%5F29/520-1867737-7436627?psc=1,"https://images-eu.ssl-images-amazon.com/images/I/81j5fcwK4SL._UX300__PJku-sticker-v8,TopRight,0,-50_AC_UL300_SR300,200_.jpg","The Big Book of Weird Laws 8: China Confusion eBook : Master, Meme: Amazon.co.uk: Kindle Store"
30,Mouse Goes to the Mountains: A Hike Through Nature (Mouse’s Wood series),Alice Melvin,Hardcover,12.15,,,https://www.amazon.co.uk/Mouse-Goes-Mountains-Through-Nature/dp/050065395X/ref=zg%5Fbsnr%5Fg%5F69%5Fd%5Fsccl%5F30/520-1867737-7436627?psc=1,"https://images-eu.ssl-images-amazon.com/images/I/91ZNPFZdDTL._AC_UL300_SR300,200_.jpg","Buy Mouse Goes to the Mountains: A Hike Through Nature (Mouse’s Wood series) by Melvin, Alice (ISBN: 9780500653951) from Amazon's Book Store. Everyday low prices and free delivery on eligible orders."
